{
	"distribution": [
		[
			104, 87, 91, 78, 69, 63, 35, 24, 7, 92, 74, 60, 49, 18, 9, 101, 105, 95,
			90, 94, 40, 28, 30, 6, 118, 106, 66, 56, 46, 27, 20, 116, 113, 112, 89,
			77, 58, 21, 34, 5, 111, 103, 81, 72, 43, 45, 3, 110, 47, 25, 36, 11, 0
		],
		[
			84, 59, 38, 29, 31, 32, 10, 17, 12, 1, 114, 108, 67, 13, 96, 52, 83, 73,
			53, 39, 44, 37, 16, 98, 102, 100, 82, 80, 65, 55, 42, 22, 115, 93, 76, 51,
			19, 8
		],
		[
			109, 97, 68, 64, 41, 26, 33, 79, 23, 15, 62, 57, 48, 54, 2, 99, 86, 71,
			50, 14, 107, 88, 75, 61, 4, 117, 85, 70
		]
	],
	"routes": [
		[
			-1, 43, 101, 35, 103, 106, 60, 58, 56, 28, 7, 111, 34, 104, 95, 105, 94,
			21, 46, 113, 24, 77, 116, 69, 66, 49, 118, 6, 25, 30, 5, 47, 36, 45, 81,
			74, 110, 3, 112, 89, 20, 63, 11, 40, 72, 91, 9, 92, 87, 78, 18, 0, 27, 90
		],
		[
			-1, 51, 32, 108, 8, 1, 59, 16, 42, 52, 115, 29, 39, 96, 12, 114, 76, 82,
			67, 93, 37, 73, 19, 17, 13, 84, 100, 53, 10, 44, 98, 102, 38, 80, 31, 83,
			22, 55, 65
		],
		[
			-1, 57, 54, 85, 62, 109, 117, 68, 41, 79, 2, 61, 71, 26, 14, 15, 50, 99,
			75, 97, 70, 86, 64, 4, 23, 107, 33, 48, 88
		]
	],
	"time_taken": 15.114872217178345,
	"total_cost": 45643.923920174006
}
